year_month,region,special_supply_units,special_supply_applications,special_supply_competition_rate,general_supply_units,general_supply_applications,general_supply_competition_rate
2020-02-20,����,710,16106,22.68,252,36999,146.82
2020-02-20,�λ�,367,484,1.32,489,16588,33.92
2020-02-20,�뱸,262,2710,10.34,394,55710,141.4
2020-02-20,��õ,251,100,(��151),800,15833,19.79
2020-02-20,���,0,0,0,69,20,(��49)
2020-02-20,���,2102,27350,13.01,2733,234575,85.83
2020-02-20,����,237,29,(��208),491,497,1.01
2020-02-20,�泲,93,62,(��31),589,2594,4.4
2020-02-20,����,211,7,(��204),287,619,2.16
2020-02-20,���,61,33,(��28),125,1120,8.96
2020-02-20,����,85,10,(��75),127,145,1.14
2020-03-20,����,0,0,0,67,8358,124.75
2020-03-20,�λ�,64,796,12.44,88,19928,226.45
2020-03-20,�뱸,360,918,2.55,522,22703,43.49
2020-03-20,��õ,1251,6458,5.16,1950,112230,57.55
2020-03-20,���,819,4519,5.52,1371,37160,27.1
2020-03-20,����,220,0,(��220),129,6,(��123)
2020-03-20,���,414,15,(��399),691,2637,3.82
2020-03-20,����,584,777,1.33,1017,33744,33.18
2020-03-20,����,0,0,0,48,5,(��43)
2020-04-20,����,192,9626,50.14,346,28295,81.78
2020-04-20,�λ�,409,351,(��58),613,11646,19
2020-04-20,�뱸,610,1274,2.09,1456,30840,21.18
2020-04-20,��õ,322,1125,3.49,308,15842,51.44
2020-04-20,����,632,856,1.35,717,13744,19.17
2020-04-20,���,2160,9680,4.48,3118,85342,27.37
2020-04-20,����,20,0,(��20),51,13,(��38)
2020-04-20,�泲,609,138,(��471),945,3349,3.54
2020-04-20,����,151,105,(��46),169,8713,51.56
2020-04-20,����,152,178,1.17,389,6519,16.76
2020-04-20,���,0,0,0,68,7,(��61)
2020-04-20,�泲,34,0,(��34),63,78,1.24
2020-05-20,����,31,7876,254.06,898,53280,59.33
2020-05-20,�λ�,457,1770,3.87,664,43621,65.69
2020-05-20,�뱸,1347,1858,1.38,2006,61641,30.73
2020-05-20,��õ,2815,9285,3.3,4018,178571,44.44
2020-05-20,����,490,1849,3.77,832,36047,43.33
2020-05-20,����,446,1576,3.53,509,28699,56.38
2020-05-20,���,1102,400,(��702),1585,18613,11.74
2020-05-20,���,2430,17864,7.35,5005,170421,34.05
2020-05-20,����,188,158,(��30),266,6127,23.03
2020-05-20,���,13,0,(��13),19,6,(��13)
2020-05-20,����,158,29,(��129),234,1245,5.32
2020-05-20,����,359,648,1.81,487,20917,42.95
2020-05-20,���,60,13,(��47),106,291,2.75
2020-05-20,�泲,645,237,(��408),920,5659,6.15
2020-05-20,����,0,0,0,98,50,(��48)
2020-06-20,����,914,18135,19.84,633,39279,62.05
2020-06-20,�λ�,807,1576,1.95,1125,52029,46.25
2020-06-20,�뱸,137,21,(��116),183,1438,7.86
2020-06-20,��õ,1419,3743,2.64,2014,55149,27.38
2020-06-20,����,184,636,3.46,244,12793,52.43
2020-06-20,���,124,552,4.45,171,12854,75.17
2020-06-20,���,2477,11297,4.56,3720,48953,13.16
2020-06-20,����,18,0,(��18),74,8,(��66)
2020-06-20,���,235,128,(��107),327,3216,9.83
2020-06-20,�泲,387,265,(��122),563,6223,11.05
2020-06-20,����,94,24,(��70),292,709,2.43
2020-06-20,����,72,3,(��69),91,100,1.1
2020-06-20,�泲,896,222,(��674),1188,9830,8.27
2020-06-20,����,0,0,0,64,6,(��58)
2020-07-20,����,707,29826,42.19,3000,142657,47.55
2020-07-20,�λ�,926,3319,3.58,1445,76052,52.63
2020-07-20,�뱸,3724,4767,1.28,5205,139740,26.85
2020-07-20,��õ,1018,379,(��639),1176,6995,5.95
2020-07-20,���,196,99,(��97),291,2846,9.78
2020-07-20,���,4711,27645,5.87,5135,108536,21.14
2020-07-20,����,383,152,(��231),1400,7967,5.69
2020-07-20,�泲,1338,3881,2.9,1897,82898,43.7
2020-07-20,����,477,38,(��439),637,1646,2.58
2020-07-20,���,593,136,(��457),811,2174,2.68
2020-07-20,�泲,914,341,(��573),1290,9484,7.35
2020-07-20,����,0,0,0,79,25,(��54)
2020-08-20,����,654,41953,64.15,1006,119322,118.61
2020-08-20,�λ�,36,316,8.78,56,6036,107.79
2020-08-20,�뱸,746,672,(��74),1020,26907,26.38
2020-08-20,����,116,15,(��101),154,363,2.36
2020-08-20,���,219,798,3.64,338,14667,43.39
2020-08-20,���,3273,5174,1.58,4829,40174,8.32
2020-08-20,����,70,5,(��65),106,210,1.98
2020-08-20,�泲,769,1059,1.38,1079,27266,25.27
2020-08-20,����,228,423,1.86,385,18831,48.91
2020-08-20,���,498,11,(��487),128,96,(��32)
2020-08-20,�泲,28,1,(��27),56,29,(��27)
2020-09-20,����,0,0,0,99,939,9.48
2020-09-20,�λ�,1183,11010,9.31,1576,190117,120.63
2020-09-20,�뱸,423,115,(��308),701,4807,6.86
2020-09-20,����,765,917,1.2,1014,16899,16.67
2020-09-20,����,745,3528,4.74,1002,16645,16.61
2020-09-20,���,721,2180,3.02,1033,45140,43.7
2020-09-20,���,2242,6496,2.9,2850,35136,12.33
2020-09-20,�泲,720,73,(��647),978,1659,1.7
2020-09-20,����,257,107,(��150),348,2531,7.27
2020-09-20,����,32,5,(��27),56,236,4.21
2020-09-20,���,41,0,(��41),73,29,(��44)
2020-09-20,�泲,119,4,(��115),58,52,(��6)
2020-10-20,����,11,5053,459.36,116,26410,227.67
2020-10-20,�λ�,229,1508,6.59,286,33715,117.88
2020-10-20,�뱸,506,236,(��270),510,6872,13.47
2020-10-20,����,950,10835,11.41,166,25484,153.52
2020-10-20,����,289,2217,7.67,169,25910,153.31
2020-10-20,���,4336,147566,34.03,5348,718747,134.4
2020-10-20,�泲,1237,58,(��1179),1207,2619,2.17
2020-10-20,����,798,155,(��643),964,4914,5.1
2020-10-20,����,225,621,2.76,407,21920,53.86
2020-10-20,���,643,1111,1.73,671,18568,27.67
2020-10-20,�泲,649,79,(��570),757,1581,2.09
2020-10-20,����,0,0,0,96,152,1.58
2020-11-20,����,1433,30335,21.17,342,81710,238.92
2020-11-20,�λ�,108,4061,37.6,109,60824,558.02
2020-11-20,�뱸,521,518,(��3),1092,20909,19.15
2020-11-20,����,499,1749,3.51,499,7637,15.3
2020-11-20,���,5260,26499,5.04,5788,68795,11.89
2020-11-20,����,526,6,(��520),381,71,(��310)
2020-11-20,���,1254,6,(��1248),1270,110,(��1160)
2020-11-20,�泲,357,457,1.28,314,12224,38.93
2020-11-20,����,48,81,1.69,116,3838,33.09
2020-11-20,����,240,61,(��179),542,4463,8.23
2020-11-20,���,1424,2966,2.08,2031,97422,47.97
2020-12-20,����,351,20380,58.06,458,117035,255.53
2020-12-20,�λ�,619,783,1.26,682,15456,22.66
2020-12-20,�뱸,917,1298,1.42,1158,28420,24.54
2020-12-20,��õ,1985,9981,5.03,2057,30970,15.06
2020-12-20,����,637,2815,4.42,672,50754,75.53
2020-12-20,���,1688,40185,23.81,1876,98575,52.55
2020-12-20,����,431,547,1.27,487,7260,14.91
2020-12-20,���,1079,4309,3.99,1329,26488,19.93
2020-12-20,�泲,2242,3247,1.45,2437,69036,28.33
2020-12-20,����,1053,279,(��774),805,6620,8.22
2020-12-20,����,300,54,(��246),306,1758,5.75
2020-12-20,���,2591,862,(��1729),2408,18859,7.83
2020-12-20,�泲,23,0,(��23),55,34,(��21)
2021-01-21,�λ�,3,1,(��2),34,191,5.62
2021-01-21,�뱸,532,305,(��227),523,5020,9.6
2021-01-21,��õ,1611,5201,3.23,2068,36536,17.67
2021-01-21,����,24,98,4.08,62,886,14.29
2021-01-21,����,974,13382,13.74,376,71464,190.06
2021-01-21,���,2220,7733,3.48,2141,41424,19.35
2021-01-21,���,261,0,(��261),319,24,(��295)
2021-01-21,�泲,0,0,0,122,13,(��109)
2021-01-21,����,177,6,(��171),201,82,(��119)
2021-01-21,����,109,9,(��100),134,242,1.81
2021-01-21,�泲,0,0,0,130,35,(��95)
2021-02-21,����,313,25854,82.6,518,83688,161.56
2021-03-21,�λ�,51,792,15.53,54,4418,81.81
2021-04-21,�뱸,488,473,(��15),643,7501,11.67
2021-05-21,��õ,46,584,12.7,71,4308,60.68
2021-06-21,����,209,1445,6.91,209,4986,23.86
2021-07-21,���,66,153,2.32,70,1800,25.71
2021-08-21,���,3750,11240,3,3904,51326,13.15
2021-09-21,���,743,2366,3.18,568,9808,17.27
2021-10-21,�泲,482,76,(��406),473,49422,104.49
2021-11-21,����,309,1868,6.05,999,27164,27.19
2021-12-21,����,156,8,(��148),72,123,1.71
2022-01-21,���,413,92,(��321),394,1524,3.87
2021-03-21,����,16,1983,123.94,18,3922,217.89
2021-03-21,�λ�,90,1419,15.77,130,7837,60.28
2021-03-21,�뱸,1993,1292,(��701),2553,27738,10.86
2021-03-21,��õ,460,2054,4.47,621,8091,13.03
2021-03-21,����,267,1074,4.02,321,7263,22.63
2021-03-21,���,486,299,(��187),438,3716,8.48
2021-03-21,���,2038,13744,6.74,2513,58243,23.18
2021-03-21,����,752,138,(��614),954,2596,2.72
2021-03-21,�泲,2352,2141,(��211),2387,41762,17.5
2021-03-21,�泲,1883,2001,1.06,1788,25732,14.39
2021-03-21,����,35,97,2.77,157,1298,8.27
2021-04-21,����,43,1591,37,69,3541,51.32
2021-04-21,�λ�,75,15,(��60),159,713,4.48
2021-04-21,�뱸,664,877,1.32,1066,11347,10.64
2021-04-21,��õ,2693,17121,6.36,1654,47116,28.49
2021-04-21,����,168,1008,6,168,4873,29.01
2021-04-21,���,657,796,1.21,425,9059,21.32
2021-04-21,���,3780,50235,13.29,2348,273396,116.44
2021-04-21,����,81,7,(��74),80,87,1.09
2021-04-21,���,353,259,(��94),377,2370,6.29
2021-04-21,�泲,940,1560,1.66,1044,34217,32.77
2021-04-21,����,299,118,(��181),548,1794,3.27
2021-04-21,���,985,394,(��591),1207,10915,9.04
2021-04-21,�泲,1278,1599,1.25,2145,35224,16.42
2021-04-21,����,0,0,0,204,2802,13.74
2021-05-21,����,140,1159,8.28,240,6981,29.09
2021-05-21,�뱸,304,343,1.13,304,3849,12.66
2021-05-21,��õ,1107,1545,1.4,554,7704,13.91
2021-05-21,����,50,116,2.32,53,781,14.74
2021-05-21,����,306,2731,8.92,307,8094,26.36
2021-05-21,���,1896,20735,10.94,2053,46109,22.46
2021-05-21,����,204,26,(��178),227,455,2
2021-05-21,���,2073,3172,1.53,528,7319,13.86
2021-05-21,�泲,268,504,1.88,363,9961,27.44
2021-05-21,����,407,1609,3.95,571,27521,48.2
2021-05-21,���,354,34,(��320),260,668,2.57
2021-05-21,�泲,1377,351,(��1026),1497,11391,7.61
2021-06-21,����,0,0,0,224,36116,161.23
2021-06-21,�λ�,436,7172,16.45,439,37125,84.57
2021-06-21,�뱸,1118,262,(��856),1226,3920,3.2
2021-06-21,��õ,552,3145,5.7,676,11592,17.15
2021-06-21,����,298,2164,7.26,300,7612,25.37
2021-06-21,���,98,298,3.04,86,1749,20.34
2021-06-21,���,2840,16590,5.84,2951,45785,15.52
2021-06-21,����,379,186,(��193),460,3715,8.08
2021-06-21,���,558,270,(��288),524,3068,5.85
2021-06-21,�泲,476,311,(��165),228,3701,16.23
2021-06-21,����,674,94,(��580),322,1069,3.32
2021-06-21,���,1370,561,(��809),1473,17297,11.74
2021-06-21,�泲,27,2,(��25),67,60,(��7)
2021-07-21,����,28,648,23.14,171,4324,25.29
2021-07-21,�λ�,21,46,2.19,55,403,7.33
2021-07-21,�뱸,1061,530,(��531),1195,7163,5.99
2021-07-21,��õ,404,7776,19.25,408,20036,49.11
2021-07-21,����,25,49,1.96,24,324,13.5
2021-07-21,���,62,6,(��56),57,224,3.93
2021-07-21,����,244,22759,93.27,1106,220843,199.68
2021-07-21,���,2238,15483,6.92,2343,44093,18.82
2021-07-21,����,548,2486,4.54,757,35625,47.06
2021-07-21,���,99,889,8.98,142,4712,33.18
2021-07-21,�泲,2051,1733,(��318),1835,21631,11.79
2021-07-21,����,221,335,1.52,233,8609,36.95
2021-07-21,����,309,122,(��187),234,1740,7.44
2021-07-21,���,608,367,(��241),697,10444,14.98
2021-07-21,�泲,660,3181,4.82,656,37096,56.55
2021-07-21,����,0,0,0,60,45,(��15)
2021-08-21,����,30,922,30.73,37,2288,61.84
2021-08-21,�λ�,66,734,11.12,102,4280,41.96
2021-08-21,�뱸,344,108,(��236),356,1573,4.42
2021-08-21,��õ,84,2000,23.81,96,4070,42.4
2021-08-21,����,239,1306,5.46,425,9705,22.84
2021-08-21,���,1503,24946,16.6,1356,60908,44.92
2021-08-21,�泲,1651,1062,(��589),1331,18058,13.57
2021-08-21,����,95,50,(��45),173,652,3.77
2021-08-21,����,745,191,(��554),1046,2779,2.66
2021-08-21,�泲,821,451,(��370),873,10161,11.64
2021-09-21,����,204,34021,166.77,389,131447,337.91
2021-09-21,�λ�,308,1387,4.5,338,6835,20.22
2021-09-21,�뱸,470,38,(��432),471,539,1.14
2021-09-21,��õ,1173,5397,4.6,654,18734,28.65
2021-09-21,����,1010,3047,3.02,577,9907,17.17
2021-09-21,���,2948,39825,13.51,3181,74106,23.3
2021-09-21,����,1224,2068,1.69,980,32085,32.74
2021-09-21,���,360,2100,5.83,386,11348,29.4
2021-09-21,����,367,97,(��270),384,1628,4.24
2021-09-21,���,1150,149,(��1001),1130,4043,3.58
2021-09-21,�泲,745,2153,2.89,695,37798,54.39
2021-09-21,����,0,0,0,111,404,3.64
2021-10-21,�λ�,121,474,3.92,543,12181,22.43
2021-10-21,�뱸,345,124,(��221),368,1282,3.48
2021-10-21,��õ,57,550,9.65,39,2243,57.51
2021-10-21,����,148,669,4.52,172,3843,22.34
2021-10-21,����,153,2308,15.08,151,7060,46.75
2021-10-21,���,3134,18579,5.93,2766,100197,36.22
2021-10-21,����,817,553,(��264),896,9835,10.98
2021-10-21,�泲,755,50,(��705),365,1551,4.25
2021-10-21,����,149,67,(��82),161,882,5.48
2021-10-21,����,94,0,(��94),98,11,(��87)
2021-10-21,���,917,174,(��743),991,3956,3.99
2021-10-21,�泲,1236,2465,1.99,1138,36480,32.06
2021-10-21,����,0,0,0,169,731,4.33
2021-11-21,����,59,7373,124.97,55,10589,192.53
2021-11-21,�λ�,420,5308,12.64,395,30689,77.69
2021-11-21,�뱸,510,280,(��230),574,2106,3.67
2021-11-21,��õ,2274,7621,3.35,3342,49237,14.73
2021-11-21,����,106,530,5,197,3656,18.56
2021-11-21,����,71,449,6.32,75,2028,27.04
2021-11-21,���,1828,27916,15.27,2058,87849,42.69
2021-11-21,����,482,1726,3.58,483,21163,43.82
2021-11-21,���,27,3,(��24),45,12,(��33)
2021-11-21,�泲,1334,7075,5.3,1031,136985,132.87
2021-11-21,����,1892,1371,(��521),2236,25158,11.25
2021-11-21,����,617,260,(��357),499,3977,7.97
2021-11-21,���,2981,412,(��2569),2755,12820,4.65
2021-11-21,�泲,1769,1895,1.07,1494,26557,17.78
2021-11-21,����,0,0,0,127,31,(��96)
2021-12-21,�λ�,1430,17359,12.14,1308,67397,51.53
2021-12-21,�뱸,1892,242,(��1650),2148,2084,(��64)
2021-12-21,��õ,2030,20515,10.11,1645,74502,45.29
2021-12-21,����,50,24,(��26),104,346,3.33
2021-12-21,����,434,1779,4.1,397,5321,13.4
2021-12-21,���,456,68,(��388),511,922,1.8
2021-12-21,����,376,878,2.34,284,5023,17.69
2021-12-21,���,4195,20955,5,4174,81279,19.47
2021-12-21,����,173,267,1.54,153,3362,21.97
2021-12-21,���,1568,428,(��1140),545,2148,3.94
2021-12-21,�泲,908,1844,2.03,919,12249,13.33
2021-12-21,����,1087,2753,2.53,1459,43785,30.01
2021-12-21,����,1200,1816,1.51,1198,26535,22.15
2021-12-21,���,2775,2128,(��647),2850,39313,13.79
2021-12-21,�泲,660,2610,3.95,638,20627,32.33
2021-12-21,����,0,0,0,148,275,1.86
2022-01-22,����,32,9203,287.59,295,10157,34.43
2022-01-22,�뱸,31,3,(��28),29,24,(��5)
2022-01-22,��õ,0,0,0,1114,6353,5.7
2022-01-22,����,199,228,1.15,311,2078,6.68
2022-01-22,���,3664,12103,3.3,3010,55811,18.54
2022-01-22,���,417,2079,4.99,774,11704,15.12
2022-01-22,�泲,1241,1979,1.59,1264,15062,11.92
2022-01-22,����,185,96,(��89),219,1047,4.78
2022-01-22,���,185,27,(��158),165,627,3.8
2022-01-22,�泲,771,842,1.09,711,13592,19.12
2022-02-22,����,176,21041,119.55,247,13380,54.17
2022-02-22,�뱸,680,13,(��667),623,159,(��464)
2022-02-22,��õ,589,1426,2.42,1078,8876,8.23
2022-02-22,����,96,527,5.49,142,2207,15.54
2022-02-22,����,919,6550,7.13,842,13367,15.88
2022-02-22,����,526,21576,41.02,104,84007,807.76
2022-02-22,���,3051,15839,5.19,3239,27697,8.55
2022-02-22,���,1296,2061,1.59,1279,10198,7.97
2022-02-22,�泲,617,47,(��570),219,696,3.18
2022-02-22,����,106,3,(��103),133,25,(��108)
2022-02-22,���,456,490,1.07,305,12546,41.13
2022-02-22,�泲,345,76,(��269),478,7689,16.09
2022-02-22,����,0,0,0,259,3391,13.09
2022-03-22,����,113,5359,47.42,346,4712,13.62
2022-03-22,�λ�,455,1141,2.51,417,2856,6.85
2022-03-22,�뱸,319,58,(��261),312,741,2.38
2022-03-22,��õ,2218,17831,8.04,1772,77324,43.64
2022-03-22,����,103,60,(��43),92,641,6.97
2022-03-22,���,256,417,1.63,253,2369,9.36
2022-03-22,����,127,43830,345.12,72,98073,1362.13
2022-03-22,���,2894,12017,4.15,2352,33650,14.31
2022-03-22,����,117,27,(��90),117,560,4.79
2022-03-22,�泲,532,205,(��327),321,2703,8.42
2022-03-22,����,539,269,(��270),339,3445,10.16
2022-03-22,����,107,7,(��100),168,81,(��87)
2022-03-22,���,132,4,(��128),123,29,(��94)
2022-03-22,�泲,439,554,1.26,654,9672,14.79
2022-03-22,����,0,0,0,353,1861,5.27
2022-04-22,����,131,9691,73.98,298,8080,27.11
2022-04-22,�λ�,310,7008,22.61,312,22868,73.29
2022-04-22,�뱸,0,0,0,607,501,(��106)
2022-04-22,��õ,74,1948,26.32,88,1679,19.08
2022-04-22,����,1294,2691,2.08,697,9106,13.06
2022-04-22,���,1499,10457,6.98,1353,18685,13.81
2022-04-22,����,223,629,2.82,253,7077,27.97
2022-04-22,���,563,467,(��96),466,4460,9.57
2022-04-22,�泲,117,101,(��16),182,1783,9.8
2022-04-22,����,174,42,(��132),156,323,2.07
2022-04-22,����,369,45,(��324),248,1185,4.78
2022-04-22,�泲,903,5352,5.93,1410,29900,21.21
2022-04-22,����,4,0,(��4),476,613,1.29
2022-05-22,����,48,536,11.17,41,492,12
2022-05-22,�λ�,905,7879,8.71,289,15822,54.75
2022-05-22,�뱸,300,7,(��293),524,136,(��388)
2022-05-22,��õ,424,1322,3.12,400,2977,7.44
2022-05-22,����,28,16,(��12),71,94,1.32
2022-05-22,���,114,19,(��95),107,96,(��11)
2022-05-22,���,1523,9121,5.99,2062,23438,11.37
2022-05-22,���,1109,358,(��751),798,3005,3.77
2022-05-22,����,1004,1140,1.14,1733,8997,5.19
2022-05-22,���,1642,1419,(��223),1960,32611,16.64
2022-06-22,����,18,138,7.67,17,385,22.65
2022-06-22,�λ�,950,9182,9.67,284,19387,68.26
2022-06-22,�뱸,258,10,(��248),849,401,(��448)
2022-06-22,��õ,482,614,1.27,398,2245,5.64
2022-06-22,����,45,47,1.04,33,287,8.7
2022-06-22,����,92,40,(��52),83,368,4.43
2022-06-22,���,1444,16521,11.44,1275,24397,19.13
2022-06-22,����,48,113,2.35,149,3252,21.83
2022-06-22,���,1179,3521,2.99,793,11448,14.44
2022-06-22,�泲,96,46,(��50),99,434,4.38
2022-06-22,����,118,69,(��49),116,354,3.05
2022-06-22,����,94,2,(��92),89,25,(��64)
2022-06-22,���,1249,1221,(��28),1432,34218,23.9
2022-06-22,�泲,363,156,(��207),402,3305,8.22
2022-06-22,����,0,0,0,36,40,1.11
2022-07-22,�λ�,509,286,(��223),403,1108,2.75
2022-07-22,�뱸,1288,93,(��1195),1787,1974,1.1
2022-07-22,��õ,1041,2472,2.37,982,4585,4.67
2022-07-22,����,49,6,(��43),79,118,1.49
2022-07-22,����,855,1981,2.32,801,5916,7.39
2022-07-22,���,714,27,(��687),565,172,(��393)
2022-07-22,���,1131,323,(��808),1162,1191,1.02
2022-07-22,����,277,238,(��39),948,29053,30.65
2022-07-22,���,75,190,2.53,74,788,10.65
2022-07-22,�泲,635,186,(��449),575,1902,3.31
2022-07-22,����,464,115,(��349),429,1720,4.01
2022-07-22,����,882,434,(��448),605,5852,9.67
2022-07-22,���,398,28,(��370),378,352,(��26)
2022-07-22,�泲,861,4024,4.67,1001,15813,15.8
2022-07-22,����,0,0,0,134,205,1.53
2022-08-22,����,53,265,5,178,604,3.39
2022-08-22,�λ�,88,65,(��23),148,744,5.03
2022-08-22,�뱸,348,2,(��346),328,96,(��232)
2022-08-22,��õ,616,3323,5.39,373,8397,22.51
2022-08-22,����,84,123,1.46,77,522,6.78
2022-08-22,���,159,26,(��133),143,283,1.98
2022-08-22,���,1789,2623,1.47,1601,7122,4.45
2022-08-22,����,847,457,(��390),1080,6495,6.01
2022-08-22,���,951,1953,2.05,806,5891,7.31
2022-08-22,�泲,874,411,(��463),928,2912,3.14
2022-08-22,����,691,97,(��594),625,1778,2.84
2022-08-22,����,174,57,(��117),167,1098,6.57
2022-08-22,���,167,5,(��162),143,36,(��107)
2022-08-22,�泲,704,49,(��655),790,1603,2.03
2022-08-22,����,0,0,0,578,356,(��222)
2022-09-22,�λ�,645,5965,9.25,601,31821,52.95
2022-09-22,�뱸,292,64,(��228),271,706,2.61
2022-09-22,��õ,160,40,(��120),180,283,1.57
2022-09-22,���,574,1703,2.97,673,6402,9.51
2022-09-22,����,215,45,(��170),337,1201,3.56
2022-09-22,���,856,51,(��805),1744,704,(��1040)
2022-09-22,�泲,169,11,(��158),147,75,(��72)
2022-09-22,����,284,73,(��211),486,1382,2.84
2022-09-22,����,954,67,(��887),1200,1300,1.08
2022-09-22,���,544,24,(��520),754,798,1.06
2022-09-22,�泲,1311,1359,1.04,1552,11944,7.7
2022-10-22,�λ�,866,3092,3.57,186,6346,34.12
2022-10-22,�뱸,806,20,(��786),889,246,(��643)
2022-10-22,��õ,849,61,(��788),570,539,(��31)
2022-10-22,����,63,31,(��32),68,75,1.1
2022-10-22,����,1119,372,(��747),1128,3130,2.77
2022-10-22,���,412,6,(��406),334,122,(��212)
2022-10-22,���,4020,5685,1.41,4068,20838,5.12
2022-10-22,����,394,99,(��295),417,2936,7.04
2022-10-22,���,0,0,0,1019,33,(��986)
2022-10-22,�泲,4046,920,(��3126),2839,6548,2.31
2022-10-22,����,860,80,(��780),994,1975,1.99
2022-10-22,����,124,12,(��112),120,116,(��4)
2022-10-22,���,325,13,(��312),420,196,(��224)
2022-10-22,�泲,0,0,0,55,7,(��48)
2022-10-22,����,0,0,0,93,402,4.32
2022-11-22,����,1724,8081,4.69,5106,28520,5.59
2022-11-22,�뱸,55,4,(��51),50,13,(��37)
2022-11-22,����,130,12,(��118),252,120,(��132)
2022-11-22,����,1763,7187,4.08,1646,54060,32.84
2022-11-22,���,402,14,(��388),309,128,(��181)
2022-11-22,���,3021,1568,(��1453),3223,15354,4.76
2022-11-22,����,467,33,(��434),841,1425,1.69
2022-11-22,�泲,975,95,(��880),1450,2693,1.86
2022-11-22,����,230,6,(��224),339,115,(��224)
2022-11-22,����,111,0,(��111),121,3,(��118)
2022-11-22,���,197,53,(��144),231,909,3.94
2022-11-22,�泲,572,2204,3.85,701,20646,29.45
2022-11-22,����,0,0,0,136,16,(��120)
2022-12-22,����,113,5340,47.26,159,6751,42.46
2022-12-22,�λ�,59,245,4.15,57,3065,53.77
2022-12-22,�뱸,230,3,(��227),251,28,(��223)
2022-12-22,��õ,650,99,(��551),546,392,(��154)
2022-12-22,����,355,15,(��340),496,147,(��349)
2022-12-22,���,238,2,(��236),393,369,(��24)
2022-12-22,����,101,58,(��43),89,185,2.08
2022-12-22,���,2334,1644,(��690),2424,4751,1.96
2022-12-22,����,262,147,(��115),348,2265,6.51
2022-12-22,���,23,17,(��6),629,186,(��443)
2022-12-22,�泲,445,14,(��431),554,266,(��288)
2022-12-22,����,0,0,0,64,0,(��64)
2022-12-22,���,626,18,(��608),829,983,1.19
2022-12-22,�泲,1270,2259,1.78,1001,27178,27.15
2022-12-22,����,0,0,0,77,11,(��66)
2023-01-23,��õ,58,16,(��42),52,62,1.19
2023-01-23,���,189,33,(��156),110,213,1.94
2023-01-23,�泲,0,0,0,80,3,(��77)
2023-01-23,����,596,18,(��578),149,133,(��16)
2023-02-23,����,398,6254,15.71,377,22401,59.42
2023-02-23,�λ�,322,639,1.98,564,7328,12.99
2023-02-23,��õ,394,83,(��311),376,450,1.2
2023-02-23,����,25,0,(��25),166,43,(��123)
2023-02-23,���,1437,1086,(��351),1414,3674,2.6
2023-02-23,���,493,607,1.23,332,3369,10.15
2023-02-23,����,27,1,(��26),45,10,(��35)
2023-02-23,���,31,0,(��31),33,5,(��28)
2023-03-23,����,371,5577,15.03,329,17013,51.71
2023-03-23,�λ�,1264,303,(��961),1120,2528,2.26
2023-03-23,��õ,627,265,(��362),665,2176,3.27
2023-03-23,����,454,406,(��48),639,6821,10.67
2023-03-23,���,52,2,(��50),43,6,(��37)
2023-03-23,���,1363,1246,(��117),1346,8630,6.41
2023-03-23,���,106,1,(��105),94,33,(��61)
2023-03-23,�泲,244,34,(��210),134,243,1.81
2023-03-23,����,308,80,(��228),548,896,1.64
2023-03-23,�泲,32,0,(��32),14,1,(��13)
2023-03-23,����,0,0,0,66,13,(��53)
2023-04-23,����,108,167,1.55,118,457,3.87
2023-04-23,�λ�,676,366,(��310),747,4601,6.16
2023-04-23,��õ,333,16,(��317),307,271,(��36)
2023-04-23,����,8,0,(��8),49,17,(��32)
2023-04-23,���,2557,2463,(��94),2960,16802,5.68
2023-04-23,���,1612,7178,4.45,1264,52176,41.28
2023-04-23,�泲,0,0,0,60,6,(��54)
2023-04-23,����,244,45,(��199),389,1212,3.12
2023-05-23,����,154,5042,32.74,173,14222,82.21
2023-05-23,�λ�,462,65,(��397),510,1209,2.37
2023-05-23,�뱸,0,0,0,34,10,(��24)
2023-05-23,��õ,0,0,0,50,31,(��19)
2023-05-23,����,282,290,1.03,621,8400,13.53
2023-05-23,���,118,6,(��112),75,39,(��36)
2023-05-23,���,688,4416,6.42,1076,45499,42.29
2023-05-23,�泲,176,11,(��165),182,164,(��18)
2023-05-23,�泲,20,0,(��20),25,0,(��25)
2023-05-23,����,0,0,0,136,16,(��120)
2023-06-23,����,184,9489,51.57,205,25067,122.28
2023-06-23,�λ�,1533,2074,1.35,1537,21156,13.76
2023-06-23,��õ,332,897,2.7,223,7980,35.78
2023-06-23,����,337,198,(��139),440,4792,10.89
2023-06-23,���,160,4,(��156),192,24,(��168)
2023-06-23,���,2630,935,(��1695),2943,12711,4.32
2023-06-23,����,529,43,(��486),623,458,(��165)
2023-06-23,���,590,331,(��259),343,2288,6.67
2023-06-23,�泲,884,463,(��421),963,11546,11.99
2023-06-23,����,0,0,0,425,115,(��310)
2023-07-23,����,243,7687,31.63,546,52570,96.28
2023-07-23,�λ�,33,4,(��29),35,34,(��1)
2023-07-23,��õ,669,137,(��532),1051,1327,1.26
2023-07-23,����,0,0,0,63,81,1.29
2023-07-23,���,880,2615,2.97,821,20914,25.47
2023-07-23,����,1473,1005,(��468),1646,19219,11.68
2023-07-23,�泲,198,2,(��196),66,62,(��4)
2023-07-23,����,158,739,4.68,110,9393,85.39
2023-07-23,���,29,0,(��29),38,1,(��37)
2023-07-23,�泲,450,132,(��318),899,2799,3.11
2023-07-23,����,0,0,0,40,12,(��28)
2023-08-23,����,953,17764,18.64,1036,55881,53.94
2023-08-23,����,335,142,(��193),613,3977,6.49
2023-08-23,����,648,5700,8.8,705,48415,68.67
2023-08-23,���,560,450,(��110),700,1305,1.86
2023-08-23,����,117,17,(��100),216,1012,4.69
2023-08-23,����,909,449,(��460),611,6700,10.97
2023-08-23,���,16,1,(��15),19,10,(��9)
2023-08-23,�泲,280,25,(��255),243,92,(��151)
2023-08-23,����,0,0,0,204,64,(��140)
2023-09-23,����,192,2929,15.26,117,9013,77.03
2023-09-23,�λ�,196,428,2.18,299,5675,18.98
2023-09-23,��õ,1779,4928,2.77,1522,35599,23.39
2023-09-23,����,502,198,(��304),1137,7110,6.25
2023-09-23,���,220,13,(��207),182,465,2.55
2023-09-23,���,671,704,1.05,627,6378,10.17
2023-09-23,����,84,117,1.39,144,2317,16.09
2023-09-23,���,228,497,2.18,416,7120,17.12
2023-09-23,����,1109,567,(��542),794,7637,9.62
2023-09-23,�泲,20,1,(��19),25,2,(��23)
2023-09-23,����,0,0,0,93,43,(��50)
2023-10-23,����,990,10090,10.19,1115,32295,28.96
2023-10-23,�λ�,509,377,(��132),558,4406,7.9
2023-10-23,��õ,450,485,1.08,331,2733,8.26
2023-10-23,����,264,309,1.17,264,2598,9.84
2023-10-23,���,718,52,(��666),391,733,1.87
2023-10-23,���,4592,13592,2.96,5664,163412,28.85
2023-10-23,����,758,1652,2.18,891,24477,27.47
2023-10-23,�泲,1378,628,(��750),681,3613,5.31
2023-10-23,����,355,76,(��279),573,1862,3.25
2023-10-23,���,413,23,(��390),972,1395,1.44
2023-11-23,����,188,15374,81.78,278,29475,106.03
2023-11-23,�λ�,2011,424,(��1587),1789,3196,1.79
2023-11-23,��õ,1577,287,(��1290),1731,2600,1.5
2023-11-23,����,294,104,(��190),274,464,1.69
2023-11-23,���,2049,4976,2.43,1674,43786,26.16
2023-11-23,����,506,414,(��92),598,6494,10.86
2023-11-23,���,625,5313,8.5,1532,107139,69.93
2023-11-23,����,51,0,(��51),78,7,(��71)
2023-11-23,���,259,142,(��117),561,3644,6.5
2023-11-23,�泲,110,1,(��109),111,10,(��101)
2023-12-23,����,431,5398,12.52,491,18889,38.47
2023-12-23,�λ�,175,49,(��126),203,528,2.6
2023-12-23,��õ,618,1864,3.02,721,17693,24.54
2023-12-23,����,189,13,(��176),191,55,(��136)
2023-12-23,����,100,43,(��57),258,383,1.48
2023-12-23,���,237,35,(��202),208,772,3.71
2023-12-23,���,5067,3579,(��1488),4883,22072,4.52
2023-12-23,����,100,41,(��59),128,1269,9.91
2023-12-23,���,424,180,(��244),585,3170,5.42
2023-12-23,�泲,1280,1881,1.47,1877,45962,24.49
2023-12-23,����,0,0,0,1,16,16
2023-12-23,���,320,74,(��246),503,1895,3.77
2023-12-23,�泲,268,21,(��247),439,660,1.5
2023-12-23,����,0,0,0,36,9,(��27)
2024-01-24,����,115,10110,87.91,175,36889,210.79
2024-01-24,�λ�,277,37,(��240),261,199,(��62)
2024-01-24,��õ,166,902,5.43,227,10675,47.03
2024-01-24,����,598,81,(��517),1010,1944,1.92
2024-01-24,���,107,4,(��103),85,58,(��27)
2024-01-24,���,1116,423,(��693),983,1790,1.82
2024-01-24,����,206,26,(��180),394,331,(��63)
2024-01-24,�泲,360,199,(��161),299,1341,4.48
2024-01-24,����,26,0,(��26),66,9,(��57)
2024-01-24,����,434,16,(��418),463,268,(��195)
2024-01-24,���,682,326,(��356),986,9166,9.3
2024-02-24,����,99,3176,32.08,141,11833,83.92
2024-02-24,�λ�,322,143,(��179),106,673,6.35
2024-02-24,�뱸,114,1,(��113),126,19,(��107)
2024-02-24,��õ,1503,454,(��1049),1957,6567,3.36
2024-02-24,����,1436,270,(��1166),2047,5071,2.48
2024-02-24,����,384,96,(��288),392,284,(��108)
2024-02-24,���,473,9,(��464),419,191,(��228)
2024-02-24,���,2915,2462,(��453),3270,12805,3.92
2024-02-24,����,0,0,0,82,7,(��75)
2024-02-24,���,775,553,(��222),900,4561,5.07
2024-02-24,�泲,565,61,(��504),725,732,1.01
2024-02-24,����,581,3681,6.34,644,35797,55.59
2024-02-24,���,0,0,0,123,25,(��98)
2024-02-24,�泲,117,4,(��113),115,139,1.21
2024-02-24,����,0,0,0,653,776,1.19
2024-03-24,�뱸,72,103,1.43,71,1370,19.3
2024-03-24,����,232,164,(��68),263,460,1.75
2024-03-24,�泲,0,0,0,44,17929,407.48
2024-04-24,����,55,130,2.36,59,195,3.31
2024-04-24,�λ�,911,219,(��692),1231,1723,1.4
2024-04-24,�뱸,166,9,(��157),171,489,2.86
2024-04-24,��õ,985,241,(��744),848,1179,1.39
2024-04-24,����,974,376,(��598),2582,8986,3.48
2024-04-24,����,843,208,(��635),926,833,(��93)
2024-04-24,���,574,653,1.14,499,5849,11.72
2024-04-24,���,1505,2964,1.97,1306,10698,8.19
2024-04-24,����,600,48,(��552),673,187,(��486)
2024-04-24,�泲,1029,1310,1.27,1104,22404,20.29
2024-04-24,����,422,70,(��352),737,981,1.33
2024-04-24,����,888,920,1.04,429,3519,8.2
2024-04-24,�泲,0,0,0,34,1,(��33)
2024-05-24,����,225,6951,30.89,253,59280,234.31
2024-05-24,�λ�,750,473,(��277),1182,3892,3.29
2024-05-24,�뱸,468,47,(��421),670,477,(��193)
2024-05-24,����,805,307,(��498),576,1208,2.1
2024-05-24,���,101,10,(��91),97,36,(��61)
2024-05-24,���,2686,1762,(��924),2892,11639,4.02
2024-05-24,����,450,114,(��336),574,3071,5.35
2024-05-24,�泲,375,15,(��360),448,158,(��290)
2024-05-24,����,342,7643,22.35,490,67698,138.16
2024-05-24,�泲,659,760,1.15,895,11678,13.05
2024-06-24,����,257,12882,50.12,297,41583,140.01
2024-06-24,�λ�,554,156,(��398),1310,2608,1.99
2024-06-24,��õ,189,165,(��24),203,1679,8.27
2024-06-24,����,90,9,(��81),136,136,1
2024-06-24,����,167,41,(��126),167,110,(��57)
2024-06-24,���,172,3,(��169),124,5,(��119)
2024-06-24,���,2824,76803,27.2,3952,296236,74.96
2024-06-24,����,303,23,(��280),546,354,(��192)
2024-06-24,���,1073,4303,4.01,670,28673,42.8
2024-06-24,�泲,0,0,0,183,3,(��180)
2024-06-24,����,366,479,1.31,686,8373,12.21
2024-07-24,����,667,58813,88.18,803,139046,173.16
2024-07-24,��õ,1081,2195,2.03,1592,6268,3.94
2024-07-24,����,1198,2632,2.2,2049,30679,14.97
2024-07-24,���,861,7745,9,661,36433,55.12
2024-07-24,����,345,173,(��172),413,884,2.14
2024-07-24,����,97,8,(��89),178,23,(��155)
2024-07-24,���,264,34,(��230),367,891,2.43
2024-07-24,�泲,0,0,0,38,5,(��33)
2024-08-24,����,910,37013,40.67,968,79626,82.26
2024-08-24,�λ�,0,0,0,9,99,11
2024-08-24,��õ,222,142,(��80),500,4203,8.41
2024-08-24,����,39,10,(��29),70,87,1.24
2024-08-24,���,416,113,(��303),387,909,2.35
2024-08-24,���,2282,1195,(��1087),2743,6093,2.22
2024-08-24,�泲,216,330,1.53,222,3795,17.09
2024-08-24,�泲,345,14,(��331),399,75,(��324)
2024-08-24,����,0,0,0,1260,5703,4.53
2024-09-24,����,181,37766,208.65,243,96989,399.13
2024-09-24,�λ�,588,620,1.05,575,5294,9.21
2024-09-24,�뱸,552,1134,2.05,586,8116,13.85
2024-09-24,��õ,761,2204,2.9,973,8137,8.36
2024-09-24,���,3050,12141,3.98,3296,39966,12.13
2024-09-24,����,499,377,(��122),522,6608,12.66
2024-09-24,���,129,36,(��93),134,172,1.28
2024-10-24,����,306,39700,129.74,336,83000,247.02
2024-10-24,�λ�,162,33,(��129),147,320,2.18
2024-10-24,��õ,889,3231,3.63,1195,21248,17.78
2024-10-24,����,549,465,(��84),657,2810,4.28
2024-10-24,���,269,4,(��265),212,60,(��152)
2024-10-24,���,4216,2678,(��1538),4087,12505,3.06
2024-10-24,����,255,49,(��206),232,384,1.66
2024-10-24,�泲,485,737,1.52,493,11400,23.12
2024-10-24,����,44,1,(��43),91,430,4.73
2024-10-24,����,8,1,(��7),62,83,1.34
2024-11-24,����,1036,41865,40.41,1932,88175,45.64
2024-11-24,�뱸,364,6,(��358),626,52,(��574)
2024-11-24,��õ,549,205,(��344),632,641,1.01
2024-11-24,����,853,915,1.07,1627,14719,9.05
2024-11-24,���,902,214,(��688),727,2412,3.32
2024-11-24,���,2348,2603,1.11,2381,9867,4.14
2024-11-24,���,578,2430,4.2,425,14974,35.23
2024-11-24,�泲,804,741,(��63),1165,11370,9.76
2024-11-24,����,101,103,1.02,98,933,9.52

